artist,title,year
Johnny Horton,The Battle Of New Orleans,1959
Johnny Cash,Don't Take Your Guns To Town,1959
Creedence Clearwater Revival,Fortunate Son,1969
Plastic Ono Band,Give Peace A Chance,1969
Marvin Gaye,What's Going On,1971
John Lennon/Plastic Ono Band,Imagine,1971
Bruce Springsteen,Born In The U.S.A.,1985
Frankie Goes To Hollywood,Two Tribes,1984
Scorpions,Wind Of Change,1991
Arrested Development,Mr. Wendal,1993
The Black Eyed Peas,Where Is The Love?,2003
Green Day,American Idiot,2004
Kendrick Lamar,Alright,2015
Childish Gambino,This Is America,2018
Lil Baby,The Bigger Picture,2020
Oliver Anthony Music,Rich Men North Of Richmond,2023
