panel,artist,title,score
Panel A: Politics,Re-flex,The Politics Of Dancing,0.095
Panel A: Politics,Kim Carnes,Divided Hearts,0.09
Panel A: Politics,Zombie Nation,Kernkraft 400,0.061
Panel A: Politics,Collective Soul,Precious Declaration,0.042
Panel A: Politics,The Grass Roots,Two Divided By Love,0.038
Panel A: Politics,Janet Jackson,Rhythm Nation,0.034
Panel B: Politics (NY Times),Love And Money,Halleluiah Man,0.018
Panel B: Politics (NY Times),Sting,Russians,0.01
Panel B: Politics (NY Times),Alice Cooper,Clones (We're All),0.008
Panel B: Politics (NY Times),Coldplay,Moving To Mars,0.006
Panel B: Politics (NY Times),Twenty One Pilots,Tear In My Heart,0.006
Panel B: Politics (NY Times),Tom MacDonald,Brainwashed,0.006
Panel C: Politics (Reddit),Zombie Nation,Kernkraft 400,0.061
Panel C: Politics (Reddit),Janet Jackson,Rhythm Nation,0.034
Panel C: Politics (Reddit),P.O.D.,Youth Of The Nation,0.032
Panel C: Politics (Reddit),Fifth Harmony,Bo$$,0.029
Panel C: Politics (Reddit),Funkadelic,One Nation Under A Groove - Part I,0.02
Panel C: Politics (Reddit),The Raiders,Indian Reservation (The Lament Of The Cherokee Reservation Indian),0.02
Panel D: Politics (Fiction),Twilight 22,Electric Kingdom,0.063
Panel D: Politics (Fiction),Zombie Nation,Kernkraft 400,0.061
Panel D: Politics (Fiction),Jefferson Airplane,Volunteers,0.053
Panel D: Politics (Fiction),Chic,Rebels Are We,0.051
Panel D: Politics (Fiction),Frankie Goes To Hollywood,Two Tribes,0.037
Panel D: Politics (Fiction),Janet Jackson,Rhythm Nation,0.034
