category,description
Category 1,"Environmental degradation, conservation, pollution & climate change"
Category 10,"Immigration, borders, refugees & displacement (including colonialism/imperialism)"
Category 11,"Social welfare, poverty, housing, urban decay & public services"
Category 12,"Gender & sexuality rights (feminism, reproductive rights, LGBTQ+ equality)"
Category 2,"War, militarism, conscription & foreign policy/international conflict"
Category 3,"Racism, civil rights & racial justice (including segregation and anti-Black violence)"
Category 4,"Economic inequality, class struggle, labor rights & corporate power/capitalism"
Category 5,"Government corruption, scandals, abuse of office & demands for accountability"
Category 6,"Authoritarianism, state repression, surveillance & censorship/free-speech rights"
Category 7,"National identity, patriotism, nationalism & symbolic politics (flags/monuments)"
Category 8,"Political polarization, ideological conflict & culture-war divisions"
Category 9,"Media manipulation, propaganda, misinformation & information control"
