topic,word_1,word_2,word_3,word_4,word_5,word_6,word_7
1,hes,listen,pride,whisper,steal,green,shoulder
2,wish,might,star,door,citi,knock,sight
3,welcom,dem,lick,yuh,man,la-la-la-la-la,gal
4,old,sky,vers,grow,solo,guitar,magic
5,two,die,hous,breath,three,dead,four
6,nice,full,swing,nah,flash,heartbeat,toe
7,hey,twist,bye,sexi,joe,doctor,silli
8,look,boy,shes,pretti,fine,kind,guy
9,que,con,shimmi,mami,wop,hol,los
10,said,didnt,knew,told,last,mama,thought
11,come,comin,hang,well,midnight,now,natur
12,night,tonight,light,shine,morn,sleep,young
13,man,brother,men,war,gun,famili,god
14,john,wrap,paul,miracl,mccartney,georg,lennon
15,girl,song,sing,along,write,shi,favorit
16,that,break,instrument,mountain,heartach,rule,climb
17,heart,find,someon,somebodi,help,soul,god
18,get,gotta,yall,hit,caus,like,hook
19,joy,christma,jackson,michael,snow,william,sweat
20,rock,roll,dig,rollin,rockin,jam,boat
21,play,bring,game,black,check,child,born
22,yes,readi,doo,brown,funk,wow,bow
23,place,best,face,next,room,meet,rest
24,eye,head,close,fight,open,see,chorus
25,love,never,true,forev,alway,darl,promis
26,tell,friend,someth,much,lie,wrong,mayb
27,know,tri,even,everyth,mean,caus,oh-oh
28,crazi,music,sound,gimm,mad,drive,dum
29,keep,run,better,hide,runnin,river,nowher
30,walk,nobodi,fool,els,street,walkin,anyon
31,ill,back,wont,home,wait,alon,lone
32,dont,let,leav,pleas,stay,care,lose
33,huh,uh-huh,uh-uh,west,jack,kany,hah
34,pull,pick,differ,ten,thousand,five,clean
35,yeah,woo,chorus,intro,get,yeah-yeah,crush
36,high,alright,money,fli,red,honey,pay
37,talk,pop,bang,la-la,hip,thang,chorus
38,nigga,bitch,shit,fuck,like,gon,ayi
39,new,woah,low,diamond,direct,york,brand
40,like,time,way,right,mind,chorus,wast
41,que,ah-ah,quiero,amor,por,pero,coro
42,one,thing,good,think,enough,sure,angel
43,now,cant,see,still,stop,believ,without
44,call,name,sorri,number,phone,send,bet
45,around,turn,air,radio,everywher,loud,loos
46,just,littl,anoth,free,late,bit,easi
47,ride,goe,side,road,wild,car,drive
48,town,goin,cool,summer,ground,shot,school
49,say,hear,word,bout,must,matter,goodby
50,your,man,world,woman,understand,beauti,whole
51,paradis,ooh-ooh-ooh,american,america,level,grand,doubl
52,danc,parti,beat,watch,floor,step,fun
53,want,need,gonna,give,work,anyth,whatev
54,got,hot,youv,lot,power,weve,caus
55,take,wanna,fire,burn,boom,control,higher
56,whoa,round,ladi,lay,water,stuff,spin
57,show,move,bodi,shake,lover,shout,cmon
58,ive,long,ever,gone,left,done,youv
59,cri,youll,hurt,tear,forget,pain,sometim
60,will,away,dream,fall,there,rain,vers
61,babi,sweet,lovin,babe,honey,sugar,darlin
62,hold,live,hand,put,peopl,children,faith
63,ooh,mmm,ooh-ooh,chain,funki,hmm,chorus
64,aint,realli,bad,nothin,caus,feelin,doin
65,mine,line,aliv,sign,stranger,danger,gettin
66,can,make,feel,real,insid,chorus,see
67,everybodi,theyr,jump,okay,kid,kick,bird
68,kiss,miss,lip,ring,wed,bell,marri
69,day,life,everi,togeth,rememb,happi,blue
70,hell,drink,chorus,cold,somethin,vers,stone
71,start,vers,chorus,sit,feet,plan,caught
