year,topic,mean,lower,upper
1958,5,0.009510213878060184,0.0059736164391352535,0.013171753148067705
1958.6767676767677,5,0.009658604687585733,0.007378889743829194,0.01202224061761635
1959.3535353535353,5,0.00968438682374905,0.00806201465711141,0.011389100655014035
1960.030303030303,5,0.00961106663432364,0.008095470079943178,0.011183287723461166
1960.7070707070707,5,0.00946215046708302,0.007934063710737982,0.011044938230829717
1961.3838383838383,5,0.009261144669800695,0.0077679142046033645,0.010802341427989366
1962.060606060606,5,0.009031555590250179,0.007631634957263477,0.010425834043582289
1962.7373737373737,5,0.008796889576204977,0.007568740501030995,0.010070886068123425
1963.4141414141413,5,0.008580652975438603,0.007410597781540481,0.009804317267223143
1964.090909090909,5,0.008406352135724566,0.007207960299266522,0.009704551966873746
1964.7676767676767,5,0.008297493404836377,0.007029128623316361,0.009721750352131318
1965.4444444444443,5,0.00827545064679379,0.006941194314566638,0.009780059898551333
1966.121212121212,5,0.008335890586901411,0.006972916541914127,0.009820596508372442
1966.79797979798,5,0.008457448619026534,0.0070974074693021146,0.009859616520938069
1967.4747474747476,5,0.00861845555014404,0.007352230416819898,0.009904474721636025
1968.1515151515152,5,0.008797242187228924,0.007589559365094853,0.010001938625155879
1968.828282828283,5,0.008972139337256156,0.007745571101094806,0.010112360730971905
1969.5050505050506,5,0.0091214778072007,0.007918897873609046,0.010276938894346568
1970.1818181818182,5,0.009223588404037525,0.008024397169541524,0.010430494664387726
1970.858585858586,5,0.009256801934741599,0.00797642334600881,0.010535072229842735
1971.5353535353536,5,0.00920255360542249,0.007861182029625397,0.010530646753196211
1972.2121212121212,5,0.009065893466556238,0.0076975258787449615,0.010364362853512853
1972.888888888889,5,0.008862724360491313,0.007539671514824582,0.010106275306141138
1973.5656565656566,5,0.008609006347757797,0.007355376413969071,0.009791386712153495
1974.2424242424242,5,0.008320699488885785,0.007154482644602618,0.00944235572979811
1974.919191919192,5,0.008013763844405362,0.006940236662963789,0.009062991563376317
1975.5959595959596,5,0.007704159474846617,0.006656666715803042,0.008699344177962379
1976.2727272727273,5,0.007407846440739641,0.006335433169658223,0.00841594976122702
1976.949494949495,5,0.007140784802614521,0.006040057847657829,0.008188074129105478
1977.6262626262626,5,0.006918934621001345,0.005779853887608566,0.008006986977344713
1978.3030303030303,5,0.006758255956430203,0.005580537999470592,0.007885685457063902
1978.979797979798,5,0.006674708869431183,0.005463279542341848,0.007842540143460582
1979.6565656565656,5,0.006679787531384711,0.0054587404472494095,0.00787762103615422
1980.3333333333333,5,0.0067654481149279485,0.005570257563928781,0.007971351848858494
1981.010101010101,5,0.0069183051745998715,0.005753079060032294,0.008089186902997599
1981.6868686868686,5,0.007124973134845274,0.006028812341173603,0.008267779175596127
1982.3636363636363,5,0.007372066420108959,0.006288298782907795,0.008446583265844802
1983.0404040404042,5,0.007646199454835817,0.006582593192918831,0.008739874550920616
1983.7171717171718,5,0.007933986663470458,0.006874158922355573,0.009066174327199946
1984.3939393939395,5,0.00822204247045777,0.007143084822782246,0.009386593235453692
1985.0707070707072,5,0.00849698130024255,0.007355196844522351,0.009745945352537443
1985.7474747474748,5,0.008745417577269597,0.0075472881570308546,0.010049317493842042
1986.4242424242425,5,0.008953965725983708,0.007707178047234769,0.010321937987176073
1987.1010101010102,5,0.009109251821736632,0.007824074046931655,0.010500571379660383
1987.7777777777778,5,0.009203174359754656,0.007891432095037502,0.01061600625659663
1988.4545454545455,5,0.00924121506843286,0.007950689587843097,0.010645593045382408
1989.1313131313132,5,0.009231013342577006,0.007956732567608635,0.010594293957448774
1989.8080808080808,5,0.009180208576992855,0.007939234122923734,0.010551228493746906
1990.4848484848485,5,0.009096440166486168,0.00787782171140216,0.010442640671354777
1991.1616161616162,5,0.008987347505862707,0.007763750024784633,0.010297007002221279
1991.8383838383838,5,0.008860569989928234,0.0076514816355682256,0.010148873203175136
1992.5151515151515,5,0.008723747013488508,0.00751264797208742,0.009982297173142557
1993.1919191919192,5,0.008584517971349293,0.007359054568440437,0.009871750892211664
1993.8686868686868,5,0.00845052225831635,0.007179271050489878,0.00975622299959018
1994.5454545454545,5,0.00832939926919544,0.007011004473519355,0.009673602247041798
1995.2222222222222,5,0.008228788398792325,0.006819770602026973,0.009614052358852574
1995.8989898989898,5,0.008156329041912764,0.006686009896170197,0.009575956630583197
1996.5757575757575,5,0.008119660593362521,0.006598757317998341,0.00960519510837603
1997.2525252525252,5,0.008126307552856406,0.006588668699559391,0.009623129211832851
1997.9292929292928,5,0.008178528085043659,0.006652196237623225,0.009665334789077351
1998.6060606060605,5,0.008271236797149662,0.0067989312397818535,0.009738231534378713
1999.2828282828282,5,0.008398803506159899,0.0069866904052031855,0.00981373805509709
1999.9595959595958,5,0.008555598029059844,0.007209969321150527,0.009904309852620074
2000.6363636363637,5,0.008735990182835046,0.007451333691453535,0.010012525745125848
2001.3131313131314,5,0.008934349784470856,0.007664872959205249,0.010175793535361188
2001.989898989899,5,0.009145046650952813,0.00790294559917446,0.010355015236560072
2002.6666666666667,5,0.009362450599266395,0.008109765801446725,0.010561659658110654
2003.3434343434344,5,0.00958093144639708,0.008326780195733963,0.010780682684177107
2004.020202020202,5,0.009794859009330349,0.008504252865553365,0.011014413069247522
2004.6969696969697,5,0.009998603105051677,0.008669495659327404,0.011266147245786246
2005.3737373737374,5,0.010186533550546549,0.008819945740597555,0.011515416155621103
2006.050505050505,5,0.01035302016280044,0.008963436453361055,0.011714568252437052
2006.7272727272727,5,0.01049243275879883,0.009088213554337135,0.0118880942547254
2007.4040404040404,5,0.010599141155527198,0.009188026522644189,0.01200717931008126
2008.080808080808,5,0.010667518828979209,0.00930102335003262,0.012046571863793131
2008.7575757575758,5,0.010694939548956929,0.009338868856376564,0.012040812462586502
2009.4343434343434,5,0.010687201808681763,0.009390860944836649,0.012001508437534308
2010.111111111111,5,0.010651571842473414,0.009383895812572703,0.011935669962930369
2010.7878787878788,5,0.010595315884651587,0.009337758449160169,0.011854767747727417
2011.4646464646464,5,0.010525700169535983,0.009256651172239304,0.011740209845901354
2012.141414141414,5,0.010449990931446308,0.009151108969886116,0.011642413730889149
2012.8181818181818,5,0.010375454404702264,0.00900651772700462,0.011601369427331228
2013.4949494949494,5,0.010309356823623553,0.008878296450773787,0.011585123214689469
2014.171717171717,5,0.010258964422529881,0.008788822162743432,0.011588824474389584
2014.8484848484848,5,0.010231543435740953,0.008698026297642235,0.011588025538673457
2015.5252525252524,5,0.010234360097576467,0.008661797189105803,0.01161002549878852
2016.2020202020203,5,0.010274680642356152,0.008736458558293771,0.01166368616155549
2016.878787878788,5,0.010359771304399685,0.008824989293633685,0.011749857489318859
2017.5555555555557,5,0.010496898318026774,0.009061010324119281,0.01183144470538282
2018.2323232323233,5,0.010693127401500017,0.009328471849334517,0.011946855677644815
2018.909090909091,5,0.010944312183810676,0.009631680268935894,0.012159981806230052
2019.5858585858587,5,0.011229382735434048,0.009954621156496493,0.012477693165505531
2020.2626262626263,5,0.011525865267240877,0.010124203883855919,0.012869750075192659
2020.939393939394,5,0.011811285990101903,0.010332251592191035,0.0132312828208021
2021.6161616161617,5,0.012063171114887866,0.010516082469869096,0.01355645539330248
2022.2929292929293,5,0.012259046852469507,0.010735235393707663,0.013762315287822324
2022.969696969697,5,0.012376439413717568,0.0109149032650543,0.013862129307237259
2023.6464646464647,5,0.012392875009502789,0.010819769537094643,0.013964502722443376
2024.3232323232323,5,0.012285879850695914,0.010408784424171235,0.014265079658925171
2025,5,0.01203298014816768,0.009111359255027894,0.014973448999275553
