"","keyword"
"1","politics"
"2","election"
"3","elect"
"4","vote"
"5","voting"
"6","suffrage"
"7","campaign"
"8","candidate"
"9","goldwater"
"10","humphrey"
"11","mcgovern"
"12","dukakis"
"13","dole"
"14","kerry"
"15","mccain"
"16","romney"
"17","presidential debate"
"18","red states"
"19","blue states"
"20","swing states"
"21","political action committee"
"22","pac"
"23","electoral college"
"24","voter suppression"
"25","battleground"
"26","super tuesday"
"27","spin doctor"
"28","political party"
"29","party convention"
"30","nomination"
"31","caucus"
"32","manifesto"
"33","party platform"
"34","delegate"
"35","referendum"
"36","pork barrel"
"37","political scandal"
"38","mccarthyism"
"39","watergate"
"40","monika lewinsky"
"41","lewinsky"
"42","bribe"
"43","corruption"
"44","impeachment"
"45","gerrymander"
"46","gerrymandering"
"47","war"
"48","uniform"
"49","troops"
"50","army"
"51","massacre"
"52","combat"
"53","guerilla"
"54","vietnam"
"55","viet cong"
"56","tonkin"
"57","tet offensive"
"58","domino theory"
"59","kent state"
"60","the draft"
"61","draft card"
"62","ho chi minh"
"63","may day"
"64","saigon"
"65","khe sanh"
"66","cambodia"
"67","iraq"
"68","desert storm"
"69","baghdad"
"70","abu ghraib"
"71","bosnia"
"72","kosovo"
"73","serbia"
"74","afghanistan"
"75","syria"
"76","libya"
"77","peace"
"78","pacifism"
"79","political conflict"
"80","the troubles"
"81","pearl harbor"
"82","protest"
"83","riot"
"84","boycott"
"85","unrest"
"86","revolution"
"87","counterculture"
"88","civil disobedience"
"89","disobedience"
"90","teargas"
"91","colonialization"
"92","decolonialization"
"93","polity"
"94","empire"
"95","regime"
"96","democracy"
"97","dictatorship"
"98","totalitarian"
"99","authoritarian"
"100","autocratic"
"101","anarchy"
"102","plutocracy"
"103","executive"
"104","government"
"105","president"
"106","presidential"
"107","white house"
"108","inauguration"
"109","oval office"
"110","west wing"
"111","eisenhower"
"112","kennedy"
"113","johnson"
"114","lbj"
"115","nixon"
"116","ford"
"117","carter"
"118","reagan"
"119","bush"
"120","clinton"
"121","obama"
"122","trump"
"123","biden"
"124","vice-president"
"125","humphrey"
"126","agnew"
"127","rockefeller"
"128","mondale"
"129","quayle"
"130","gore"
"131","cheney"
"132","pence"
"133","harris"
"134","department of state"
"135","department of treasury"
"136","department of defense/ pentagon"
"137","department of justice"
"138","treasury"
"139","defense"
"140","pentagon"
"141","justice"
"142","department of the interior"
"143","department of agriculture"
"144","department of commerce"
"145","department of labor"
"146","department of health and human services"
"147","department of housing and urban development"
"148","department of transportation"
"149","department of energy"
"150","department of education"
"151","department of veteran affairs"
"152","veteran"
"153","department of homeland security"
"154","homeland security"
"155","legislative"
"156","legislation"
"157","parliament"
"158","congress"
"159","congressional district"
"160","house of representatives"
"161","senate"
"162","lower house"
"163","upper house"
"164","minority leader"
"165","majority leader"
"166","capitol hill"
"167","capitol"
"168","opposition"
"169","checks and balances"
"170","judiciary"
"171","supreme court"
"172","court"
"173","justices"
"174","justice"
"175","ruth bader-ginsberg"
"176","rbg"
"177","judge"
"178","federalism"
"179","federal"
"180","constitution"
"181","constitutional"
"182","red tape"
"183","bureaucracy"
"184","bureaucratic"
"185","border"
"186","berlin wall"
"187","flag"
"188","policy"
"189","injustice"
"190","gun control"
"191","nuclear weapon"
"192","weapon"
"193","missile"
"194","drone"
"195","bullet"
"196","economy"
"197","economic crisis"
"198","unemployment"
"199","jobs"
"200","reaganomics"
"201","reaganism"
"202","new deal"
"203","green new deal"
"204","welfare"
"205","living wage"
"206","welfare check"
"207","environment"
"208","climate change"
"209","chernobyl"
"210","crime"
"211","death penalty"
"212","gang"
"213","terror"
"214","terrorism"
"215","september 11"
"216","osama"
"217","bin laden"
"218","osama bin laden"
"219","world trade center"
"220","al-qaeda"
"221","jihad"
"222","mohammed atta"
"223","ground zero"
"224","patriot act"
"225","guantanamo"
"226","ira"
"227","bombing"
"228","housing"
"229","homelessness"
"230","taxes"
"231","human rights"
"232","discrimination"
"233","equal pay"
"234","sexism"
"235","sexist"
"236","misogyny"
"237","misogynist"
"238","patriarchy"
"239","racism"
"240","black lives matter"
"241","blm"
"242","police brutality"
"243","racial profiling"
"244","lapd"
"245","rodney king"
"246","breonna taylor"
"247","george zimmermann"
"248","trayvon martin"
"249","michael brown"
"250","eric garner"
"251","george floyd"
"252","derek chauvin’"
"253","defund the police"
"254","police"
"255","white lives matter"
"256","all lives matter"
"257","stop and frisk"
"258","incarceration"
"259","white supremacy"
"260","racial segregation"
"261","apartheid"
"262","slavery"
"263","lgbt-rights"
"264","lgbtq-rights"
"265","same-sex marriage"
"266","transgender"
"267","civil union"
"268","domestic partnerships"
"269","freedom of speech"
"270","first amendment"
"271","censorship"
"272","health care"
"273","abortion"
"274","anti-vaxxer"
"275","vaccination"
"276","foreign policy"
"277","development aid"
"278","famine"
"279","diplomacy"
"280","perestroika"
"281","glasnost"
"282","incumbent"
"283","nominee"
"284","lobbyist"
"285","legislator"
"286","senator"
"287","member of congress"
"288","first lady"
"289","democrat"
"290","suffragette"
"291","republican"
"292","bushie"
"293","tea party"
"294","liberals"
"295","gop"
"296","redneck"
"297","military"
"298","soldier"
"299","veteran"
"300","nato"
"301","demagogue"
"302","dictator"
"303","tyrant"
"304","anarchist"
"305","maoist"
"306","nazi"
"307","neo-nazi"
"308","alt-right"
"309","ku klux klan"
"310","kkk"
"311","skinhead"
"312","police"
"313","cop"
"314","muckraker"
"315","pundit"
"316","demagogue"
"317","cia"
"318","fbi"
"319","kgb"
"320","ice"
"321","nra"
"322","labor union"
"323","white-collar"
"324","blue-collar"
"325","immigrant"
"326","refugee"
"327","underprivileged"
"328","homeless"
"329","welfare queen"
"330","minorities"
"331","indigenous people"
"332","united nations"
"333","un"
"334","european union"
"335","eu"
"336","political movement"
"337","civil rights movement"
"338","martin luther king"
"339","malcolm x"
"340","selma"
"341","occupy wallstreet"
"342","qanon"
"343","rastafari"
"344","student movement"
"345","women’s movement"
"346","protester"
"347","activist"
"348","antifa"
"349","mugabe"
"350","mubarak"
"351","pinochet"
"352","chávez"
"353","castro"
"354","al-assad"
"355","sadam hussein"
"356","sadam hussein"
"357","suharto"
"358","jong-il"
"359","mussolini"
"360","stalin"
"361","hitler"
"362","ceauşescu"
"363","honecker"
"364","milošević"
"365","lukashenko"
"366","putin"
"367","lenin"
"368","chernenko"
"369","khrushchev"
"370","gorbachev"
"371","yeltsin"
"372","medvedev"
"373","khmer rouge"
"374","peron"
"375","muslim brotherhood"
"376","isis"
"377","taliban"
"378","soviet"
"379","russian"
"380","nuclear power"
"381","east"
"382","west"
"383","ideology"
"384","democratic"
"385","republican"
"386","bipartisan"
"387","left-wing"
"388","socialist"
"389","socialism"
"390","marxist"
"391","marxism"
"392","right-wing"
"393","conservative"
"394","conservatism"
"395","reactionary"
"396","capitalist capitalism"
"397","neo-liberal"
"398","neoliberalism"
"399","radical"
"400","progressive"
"401","antiwar"
"402","feminist"
"403","feminism"
"404","liberal"
"405","libertarian"
"406","pro-life"
"407","pro-choice"
"408","patriotic"
"409","patriotism"
"410","nationalist"
"411","nationalism"
"412","populist"
"413","populism"
"414","trumpism"
"415","fascist"
"416","fascism"
"417","hawkish"
"418","let’s go brandon"
"419","russia"
"420","soviet union"
"421","ussr"
"422","gdr"
"423","north korea"
"424","south korea"
"425","cuba"
"426","iran"
"427","china"
